{
	"format_version": "1.8.0",
	"animations": {
		"animation.dinosaur.move": {
			"loop": true,
			"animation_length": 3,
			"bones": {
				"left_leg": {
					"rotation": [0, 0, 0]
				},
				"left_leg_start": {
					"rotation": {
						"0.0": [-2.33566, 0.60974, -0.66296],
						"0.75": [-30.913, 5.50433, -10.19636],
						"1.5": [27.56233, -7.94202, -7.17465],
						"2.25": [-30.913, 5.50433, -10.19636],
						"3.0": [-2.33566, 0.60974, -0.66296]
					}
				},
				"right_leg_start": {
					"rotation": {
						"0.0": [2.19924, -4.21769, -0.95251],
						"0.75": [24.09919, -3.93667, 2.89115],
						"1.5": [-19.86672, -2.61316, -4.5668],
						"2.25": [24.09919, -3.93667, 2.89115],
						"3.0": [2.19924, -4.21769, -0.95251]
					}
				},
				"body": {
					"rotation": {
						"0.0": [0, 0, 0],
						"0.75": [0, 0, -15],
						"1.5": [0, 0, 2.5],
						"2.25": [0, 0, -15],
						"3.0": [0, 0, 0]
					}
				},
				"left_hip": {
					"rotation": {
						"0.0": [2.21095, -1.01379, 0.74913],
						"0.75": [-4.68638, 0.71735, -1.61865],
						"1.5": [-4.68638, 0.71735, -1.61865],
						"2.5": [2.21095, -1.01379, 0.74913]
					}
				},
				"right_hip": {
					"rotation": {
						"0.0": [0, 0, 0],
						"0.75": [-7.22254, -1.72705, 1.16711],
						"1.5": [-7.22254, -1.72705, 1.16711],
						"2.5": [0, 0, 0]
					}
				}
			}
		},
		"animation.dinosaur.move_to_target": {
			"loop": true,
			"animation_length": 3,
			"override_previous_animation": true,
			"bones": {
				"left_leg": {
					"rotation": [0, 0, 0]
				},
				"left_leg_start": {
					"rotation": {
						"0.0": [-2.33566, 0.60974, -0.66296],
						"0.75": [-30.913, 5.50433, -10.19636],
						"1.5": [27.56233, -7.94202, -7.17465],
						"2.25": [-30.913, 5.50433, -10.19636],
						"3.0": [-2.33566, 0.60974, -0.66296]
					}
				},
				"right_leg_start": {
					"rotation": {
						"0.0": [2.19924, -4.21769, -0.95251],
						"0.75": [24.09919, -3.93667, 2.89115],
						"1.5": [-19.86672, -2.61316, -4.5668],
						"2.25": [24.09919, -3.93667, 2.89115],
						"3.0": [2.19924, -4.21769, -0.95251]
					}
				},
				"body": {
					"rotation": {
						"0.0": [0, 0, 0],
						"0.75": [0, 0, -15],
						"1.5": [0, 0, 2.5],
						"2.25": [0, 0, -15],
						"3.0": [0, 0, 0]
					}
				},
				"left_hip": {
					"rotation": {
						"0.0": [2.21095, -1.01379, 0.74913],
						"0.75": [-4.68638, 0.71735, -1.61865],
						"1.5": [-4.68638, 0.71735, -1.61865],
						"2.5": [2.21095, -1.01379, 0.74913]
					}
				},
				"right_hip": {
					"rotation": {
						"0.0": [0, 0, 0],
						"0.75": [-7.22254, -1.72705, 1.16711],
						"1.5": [-7.22254, -1.72705, 1.16711],
						"2.5": [0, 0, 0]
					}
				}
			}
		}
	}
}